{
	"partitions" : [
		{
			"name" : "Top",
			"pins" : [
				{
					"name" : "LEDG[0]",
					"strict" : false
				},
				{
					"name" : "LEDG[1]",
					"strict" : false
				},
				{
					"name" : "LEDG[2]",
					"strict" : false
				},
				{
					"name" : "LEDG[3]",
					"strict" : false
				},
				{
					"name" : "LEDG[4]",
					"strict" : false
				},
				{
					"name" : "LEDG[5]",
					"strict" : false
				},
				{
					"name" : "LEDG[6]",
					"strict" : false
				},
				{
					"name" : "LEDG[7]",
					"strict" : false
				},
				{
					"name" : "DRAM_ADDR[0]",
					"strict" : false
				},
				{
					"name" : "DRAM_ADDR[1]",
					"strict" : false
				},
				{
					"name" : "DRAM_ADDR[2]",
					"strict" : false
				},
				{
					"name" : "DRAM_ADDR[3]",
					"strict" : false
				},
				{
					"name" : "DRAM_ADDR[4]",
					"strict" : false
				},
				{
					"name" : "DRAM_ADDR[5]",
					"strict" : false
				},
				{
					"name" : "DRAM_ADDR[6]",
					"strict" : false
				},
				{
					"name" : "DRAM_ADDR[7]",
					"strict" : false
				},
				{
					"name" : "DRAM_ADDR[8]",
					"strict" : false
				},
				{
					"name" : "DRAM_ADDR[9]",
					"strict" : false
				},
				{
					"name" : "DRAM_ADDR[10]",
					"strict" : false
				},
				{
					"name" : "DRAM_ADDR[11]",
					"strict" : false
				},
				{
					"name" : "DRAM_ADDR[12]",
					"strict" : false
				},
				{
					"name" : "DRAM_BA[0]",
					"strict" : false
				},
				{
					"name" : "DRAM_BA[1]",
					"strict" : false
				},
				{
					"name" : "DRAM_CAS_N",
					"strict" : false
				},
				{
					"name" : "DRAM_CS_N",
					"strict" : false
				},
				{
					"name" : "DRAM_DQM[0]",
					"strict" : false
				},
				{
					"name" : "DRAM_DQM[1]",
					"strict" : false
				},
				{
					"name" : "DRAM_RAS_N",
					"strict" : false
				},
				{
					"name" : "DRAM_WE_N",
					"strict" : false
				},
				{
					"name" : "DRAM_DQ[0]",
					"strict" : false
				},
				{
					"name" : "DRAM_DQ[1]",
					"strict" : false
				},
				{
					"name" : "DRAM_DQ[2]",
					"strict" : false
				},
				{
					"name" : "DRAM_DQ[3]",
					"strict" : false
				},
				{
					"name" : "DRAM_DQ[4]",
					"strict" : false
				},
				{
					"name" : "DRAM_DQ[5]",
					"strict" : false
				},
				{
					"name" : "DRAM_DQ[6]",
					"strict" : false
				},
				{
					"name" : "DRAM_DQ[7]",
					"strict" : false
				},
				{
					"name" : "DRAM_DQ[8]",
					"strict" : false
				},
				{
					"name" : "DRAM_DQ[9]",
					"strict" : false
				},
				{
					"name" : "DRAM_DQ[10]",
					"strict" : false
				},
				{
					"name" : "DRAM_DQ[11]",
					"strict" : false
				},
				{
					"name" : "DRAM_DQ[12]",
					"strict" : false
				},
				{
					"name" : "DRAM_DQ[13]",
					"strict" : false
				},
				{
					"name" : "DRAM_DQ[14]",
					"strict" : false
				},
				{
					"name" : "DRAM_DQ[15]",
					"strict" : false
				},
				{
					"name" : "CLOCK_50",
					"strict" : false
				},
				{
					"name" : "KEY[0]",
					"strict" : false
				},
				{
					"name" : "KEY[3]",
					"strict" : false
				},
				{
					"name" : "SW[0]",
					"strict" : false
				},
				{
					"name" : "KEY[2]",
					"strict" : false
				},
				{
					"name" : "SW[2]",
					"strict" : false
				},
				{
					"name" : "SW[1]",
					"strict" : false
				},
				{
					"name" : "SW[4]",
					"strict" : false
				},
				{
					"name" : "SW[3]",
					"strict" : false
				},
				{
					"name" : "SW[5]",
					"strict" : false
				},
				{
					"name" : "SW[7]",
					"strict" : false
				},
				{
					"name" : "SW[6]",
					"strict" : false
				},
				{
					"name" : "altera_reserved_tms",
					"strict" : false
				},
				{
					"name" : "altera_reserved_tck",
					"strict" : false
				},
				{
					"name" : "altera_reserved_tdi",
					"strict" : false
				},
				{
					"name" : "altera_reserved_tdo",
					"strict" : false
				}
			]
		}
	]
}