{
	"partitions" : [
		{
			"name" : "Top",
			"pins" : [
				{
					"name" : "AhexU[0]",
					"strict" : false
				},
				{
					"name" : "AhexU[1]",
					"strict" : false
				},
				{
					"name" : "AhexU[2]",
					"strict" : false
				},
				{
					"name" : "AhexU[3]",
					"strict" : false
				},
				{
					"name" : "AhexU[4]",
					"strict" : false
				},
				{
					"name" : "AhexU[5]",
					"strict" : false
				},
				{
					"name" : "AhexU[6]",
					"strict" : false
				},
				{
					"name" : "AhexL[0]",
					"strict" : false
				},
				{
					"name" : "AhexL[1]",
					"strict" : false
				},
				{
					"name" : "AhexL[2]",
					"strict" : false
				},
				{
					"name" : "AhexL[3]",
					"strict" : false
				},
				{
					"name" : "AhexL[4]",
					"strict" : false
				},
				{
					"name" : "AhexL[5]",
					"strict" : false
				},
				{
					"name" : "AhexL[6]",
					"strict" : false
				},
				{
					"name" : "BhexU[0]",
					"strict" : false
				},
				{
					"name" : "BhexU[1]",
					"strict" : false
				},
				{
					"name" : "BhexU[2]",
					"strict" : false
				},
				{
					"name" : "BhexU[3]",
					"strict" : false
				},
				{
					"name" : "BhexU[4]",
					"strict" : false
				},
				{
					"name" : "BhexU[5]",
					"strict" : false
				},
				{
					"name" : "BhexU[6]",
					"strict" : false
				},
				{
					"name" : "BhexL[0]",
					"strict" : false
				},
				{
					"name" : "BhexL[1]",
					"strict" : false
				},
				{
					"name" : "BhexL[2]",
					"strict" : false
				},
				{
					"name" : "BhexL[3]",
					"strict" : false
				},
				{
					"name" : "BhexL[4]",
					"strict" : false
				},
				{
					"name" : "BhexL[5]",
					"strict" : false
				},
				{
					"name" : "BhexL[6]",
					"strict" : false
				},
				{
					"name" : "Aval[0]",
					"strict" : false
				},
				{
					"name" : "Aval[1]",
					"strict" : false
				},
				{
					"name" : "Aval[2]",
					"strict" : false
				},
				{
					"name" : "Aval[3]",
					"strict" : false
				},
				{
					"name" : "Aval[4]",
					"strict" : false
				},
				{
					"name" : "Aval[5]",
					"strict" : false
				},
				{
					"name" : "Aval[6]",
					"strict" : false
				},
				{
					"name" : "Aval[7]",
					"strict" : false
				},
				{
					"name" : "Bval[0]",
					"strict" : false
				},
				{
					"name" : "Bval[1]",
					"strict" : false
				},
				{
					"name" : "Bval[2]",
					"strict" : false
				},
				{
					"name" : "Bval[3]",
					"strict" : false
				},
				{
					"name" : "Bval[4]",
					"strict" : false
				},
				{
					"name" : "Bval[5]",
					"strict" : false
				},
				{
					"name" : "Bval[6]",
					"strict" : false
				},
				{
					"name" : "Bval[7]",
					"strict" : false
				},
				{
					"name" : "X",
					"strict" : false
				},
				{
					"name" : "Switches[4]",
					"strict" : false
				},
				{
					"name" : "Switches[3]",
					"strict" : false
				},
				{
					"name" : "Switches[2]",
					"strict" : false
				},
				{
					"name" : "Switches[1]",
					"strict" : false
				},
				{
					"name" : "Switches[0]",
					"strict" : false
				},
				{
					"name" : "Clk",
					"strict" : false
				},
				{
					"name" : "Switches[5]",
					"strict" : false
				},
				{
					"name" : "Switches[6]",
					"strict" : false
				},
				{
					"name" : "Switches[7]",
					"strict" : false
				},
				{
					"name" : "Reset",
					"strict" : false
				},
				{
					"name" : "ClearA_LoadB",
					"strict" : false
				},
				{
					"name" : "Run",
					"strict" : false
				}
			]
		}
	]
}