# Copyright (C) 2018  Intel Corporation. All rights reserved.
# Your use of Intel Corporation's design tools, logic functions 
# and other software and tools, and its AMPP partner logic 
# functions, and any output files from any of the foregoing 
# (including device programming or simulation files), and any 
# associated documentation or information are expressly subject 
# to the terms and conditions of the Intel Program License 
# Subscription Agreement, the Intel Quartus Prime License Agreement,
# the Intel FPGA IP License Agreement, or other applicable license
# agreement, including, without limitation, that your use is for
# the sole purpose of programming logic devices manufactured by
# Intel and sold by Intel or its authorized distributors.  Please
# refer to the applicable agreement for further details.

# Quartus Prime Version 18.1.0 Build 625 09/12/2018 SJ Lite Edition
# File: C:\Users\Matthew Rosenbaum\Desktop\ece385\multiplier\multiplier.csv
# Generated on: Mon Feb 17 12:51:23 2020

# Note: The column header names should not be changed if you wish to import this .csv file into the Quartus Prime software.

To,Direction,Location,I/O Bank,VREF Group,I/O Standard,Reserved,Current Strength,Slew Rate,Differential Pair,Strict Preservation
AhexL[6],Output,PIN_W28,5,B5_N1,,,,,,
AhexL[5],Output,PIN_W27,5,B5_N1,,,,,,
AhexL[4],Output,PIN_Y26,5,B5_N1,,,,,,
AhexL[3],Output,PIN_W26,5,B5_N1,,,,,,
AhexL[2],Output,PIN_Y25,5,B5_N1,,,,,,
AhexL[1],Output,PIN_AA26,5,B5_N1,,,,,,
AhexL[0],Output,PIN_AA25,5,B5_N1,,,,,,
AhexU[6],Output,PIN_Y19,4,B4_N0,,,,,,
AhexU[5],Output,PIN_AF23,4,B4_N0,,,,,,
AhexU[4],Output,PIN_AD24,4,B4_N0,,,,,,
AhexU[3],Output,PIN_AA21,4,B4_N0,,,,,,
AhexU[2],Output,PIN_AB20,4,B4_N0,,,,,,
AhexU[1],Output,PIN_U21,5,B5_N0,,,,,,
AhexU[0],Output,PIN_V21,5,B5_N1,,,,,,
Aval[7],Output,,,,,,,,,
Aval[6],Output,,,,1.2 V,,,,,
Aval[5],Output,,,,,,,,,
Aval[4],Output,,,,1.2 V,,,,,
Aval[3],Output,,,,,,,,,
Aval[2],Output,,,,,,,,,
Aval[1],Output,,,,,,,,,
Aval[0],Output,,,,,,,,,
BhexL[6],Output,PIN_H22,6,B6_N0,,,,,,
BhexL[5],Output,PIN_J22,6,B6_N0,,,,,,
BhexL[4],Output,PIN_L25,6,B6_N1,,,,,,
BhexL[3],Output,PIN_L26,6,B6_N1,,,,,,
BhexL[2],Output,PIN_E17,7,B7_N2,,,,,,
BhexL[1],Output,PIN_F22,7,B7_N0,,,,,,
BhexL[0],Output,PIN_G18,7,B7_N2,,,,,,
BhexU[6],Output,PIN_U24,5,B5_N0,,,,,,
BhexU[5],Output,PIN_U23,5,B5_N1,,,,,,
BhexU[4],Output,PIN_W25,5,B5_N1,,,,,,
BhexU[3],Output,PIN_W22,5,B5_N0,,,,,,
BhexU[2],Output,PIN_W21,5,B5_N1,,,,,,
BhexU[1],Output,PIN_Y22,5,B5_N0,,,,,,
BhexU[0],Output,PIN_M24,6,B6_N2,,,,,,
Bval[7],Output,,,,,,,,,
Bval[6],Output,,,,,,,,,
Bval[5],Output,,,,,,,,,
Bval[4],Output,,,,,,,,,
Bval[3],Output,,,,,,,,,
Bval[2],Output,,,,,,,,,
Bval[1],Output,,,,,,,,,
Bval[0],Output,,,,,,,,,
ClearA_LoadB,Input,PIN_N21,6,B6_N2,,,,,,
Clk,Input,PIN_Y2,2,B2_N0,2.5 V,,,,,
Reset,Input,PIN_M23,6,B6_N2,2.5 V,,,,,
Run,Input,PIN_R24,5,B5_N0,2.5 V,,,,,
S[7],Input,PIN_AB26,5,B5_N1,,,,,,
S[6],Input,PIN_AD26,5,B5_N2,,,,,,
S[5],Input,PIN_AC26,5,B5_N2,,,,,,
S[4],Input,PIN_AB27,5,B5_N1,,,,,,
S[3],Input,PIN_AD27,5,B5_N2,,,,,,
S[2],Input,PIN_AC27,5,B5_N2,,,,,,
S[1],Input,PIN_AC28,5,B5_N2,,,,,,
S[0],Input,PIN_AB28,5,B5_N1,,,,,,
X,Output,PIN_F17,7,B7_N2,,,,,,
