{
	"partitions" : [
		{
			"name" : "Top",
			"pins" : [
				{
					"name" : "Sum[0]",
					"strict" : false
				},
				{
					"name" : "Sum[1]",
					"strict" : false
				},
				{
					"name" : "Sum[2]",
					"strict" : false
				},
				{
					"name" : "Sum[3]",
					"strict" : false
				},
				{
					"name" : "Sum[4]",
					"strict" : false
				},
				{
					"name" : "Sum[5]",
					"strict" : false
				},
				{
					"name" : "Sum[6]",
					"strict" : false
				},
				{
					"name" : "Sum[7]",
					"strict" : false
				},
				{
					"name" : "Sum[8]",
					"strict" : false
				},
				{
					"name" : "Sum[9]",
					"strict" : false
				},
				{
					"name" : "Sum[10]",
					"strict" : false
				},
				{
					"name" : "Sum[11]",
					"strict" : false
				},
				{
					"name" : "Sum[12]",
					"strict" : false
				},
				{
					"name" : "Sum[13]",
					"strict" : false
				},
				{
					"name" : "Sum[14]",
					"strict" : false
				},
				{
					"name" : "Sum[15]",
					"strict" : false
				},
				{
					"name" : "CO",
					"strict" : false
				},
				{
					"name" : "A[0]",
					"strict" : false
				},
				{
					"name" : "B[0]",
					"strict" : false
				},
				{
					"name" : "A[1]",
					"strict" : false
				},
				{
					"name" : "B[1]",
					"strict" : false
				},
				{
					"name" : "A[2]",
					"strict" : false
				},
				{
					"name" : "B[2]",
					"strict" : false
				},
				{
					"name" : "B[3]",
					"strict" : false
				},
				{
					"name" : "A[3]",
					"strict" : false
				},
				{
					"name" : "A[4]",
					"strict" : false
				},
				{
					"name" : "B[4]",
					"strict" : false
				},
				{
					"name" : "A[5]",
					"strict" : false
				},
				{
					"name" : "B[5]",
					"strict" : false
				},
				{
					"name" : "A[6]",
					"strict" : false
				},
				{
					"name" : "B[6]",
					"strict" : false
				},
				{
					"name" : "A[7]",
					"strict" : false
				},
				{
					"name" : "B[7]",
					"strict" : false
				},
				{
					"name" : "A[8]",
					"strict" : false
				},
				{
					"name" : "B[8]",
					"strict" : false
				},
				{
					"name" : "A[9]",
					"strict" : false
				},
				{
					"name" : "B[9]",
					"strict" : false
				},
				{
					"name" : "A[10]",
					"strict" : false
				},
				{
					"name" : "B[10]",
					"strict" : false
				},
				{
					"name" : "A[11]",
					"strict" : false
				},
				{
					"name" : "B[11]",
					"strict" : false
				},
				{
					"name" : "A[12]",
					"strict" : false
				},
				{
					"name" : "B[12]",
					"strict" : false
				},
				{
					"name" : "A[13]",
					"strict" : false
				},
				{
					"name" : "B[13]",
					"strict" : false
				},
				{
					"name" : "A[14]",
					"strict" : false
				},
				{
					"name" : "B[14]",
					"strict" : false
				},
				{
					"name" : "A[15]",
					"strict" : false
				},
				{
					"name" : "B[15]",
					"strict" : false
				}
			]
		}
	]
}