{
	"partitions" : [
		{
			"name" : "Top",
			"pins" : [
				{
					"name" : "S[0]",
					"strict" : false
				},
				{
					"name" : "S[1]",
					"strict" : false
				},
				{
					"name" : "c_out",
					"strict" : false
				},
				{
					"name" : "A[0]",
					"strict" : false
				},
				{
					"name" : "B[0]",
					"strict" : false
				},
				{
					"name" : "c_in",
					"strict" : false
				},
				{
					"name" : "A[1]",
					"strict" : false
				}
			]
		}
	]
}